{"train": [[50, 4.569681644439697], [100, 4.43497896194458], [150, 4.351566791534424], [200, 4.707036018371582], [250, 4.461848258972168], [300, 3.579894542694092], [350, 4.306312561035156], [400, 4.411154747009277], [450, 4.340978145599365], [500, 4.368130207061768], [550, 4.085727214813232], [600, 4.373421669006348], [650, 4.583073616027832], [700, 4.013760089874268], [750, 4.224009037017822], [800, 4.414915561676025], [850, 3.995131492614746], [900, 4.420844554901123], [950, 4.321253776550293], [1000, 4.157667636871338], [1050, 3.9508821964263916], [1100, 4.138646125793457], [1150, 4.640923976898193], [1200, 4.1159210205078125], [1250, 4.611077785491943], [1300, 4.195937156677246], [1350, 4.206951141357422], [1400, 3.8751537799835205], [1450, 3.9585869312286377], [1500, 4.064504146575928], [1550, 4.000303268432617], [1600, 3.9574925899505615], [1650, 4.030703544616699], [1700, 4.15497350692749], [1750, 3.9850854873657227], [1800, 3.9466354846954346], [1850, 3.914597272872925], [1900, 3.991173028945923], [1950, 4.374404430389404], [2000, 3.7837305068969727], [2050, 4.019825458526611], [2100, 3.992985963821411], [2150, 4.2467427253723145], [2200, 4.0890703201293945], [2250, 3.911499500274658], [2300, 3.8539798259735107], [2350, 4.36660623550415], [2400, 3.9868955612182617], [2450, 3.960465908050537], [2500, 4.056431770324707], [2550, 3.7756333351135254], [2600, 4.001030921936035], [2650, 3.889162063598633], [2700, 3.8415544033050537], [2750, 3.8137941360473633], [2800, 3.98217511177063], [2850, 3.889845609664917], [2900, 3.6960742473602295], [2950, 3.9690699577331543], [3000, 3.788072347640991], [3050, 3.955627202987671], [3100, 3.864614248275757], [3150, 3.996363401412964], [3200, 3.792004346847534], [3250, 3.297732353210449], [3300, 3.831021785736084], [3350, 3.9131124019622803], [3400, 3.9871675968170166], [3450, 3.86472225189209], [3500, 3.73868727684021], [3550, 3.91003155708313], [3600, 4.017160415649414], [3650, 3.8532402515411377], [3700, 3.8090176582336426], [3750, 3.3469021320343018]], "val": [[200, 4.363267389210788], [400, 4.329688296173558], [600, 4.2997539693659], [800, 4.283704327814506], [1000, 4.263909838416359], [1200, 4.252991582408096], [1256, 4.251059673049233], [1400, 4.256208517334678], [1600, 4.246126612027486], [1800, 4.241038835409916], [2000, 4.234426697095235], [2200, 4.221773992885243], [2400, 4.214961351770343], [2512, 4.20792750156287], [2600, 4.21610621250037], [2800, 4.216596765951677], [3000, 4.21467632597143], [3200, 4.2116855960903745], [3400, 4.2099374532699585], [3600, 4.207275990283851], [3768, 4.20705859227614]]}